title,bechdel,domgross,intgross
21 &amp; Over,FAIL,25682380,42195766
Dredd 3D,PASS,13414714,40868994
12 Years a Slave,FAIL,53107035,158607035
2 Guns,FAIL,75612460,132493015
42,FAIL,95020213,95020213
47 Ronin,FAIL,38362475,145803842
A Good Day to Die Hard,FAIL,67349198,304249198
About Time,PASS,15323921,87324746
Admission,PASS,18007317,18007317
After Earth,FAIL,60522097,244373198
American Hustle,PASS,148430908,249484909
August: Osage County,PASS,37304874,50304874
Beautiful Creatures,PASS,19452138,55940671
Blue Jasmine,PASS,33345833,68447831
Captain Phillips,FAIL,107136417,218743570
Carrie,PASS,35266619,85001659
Cloudy with a Chance of Meatballs 2,FAIL,119640264,271725448
Despicable Me 2,PASS,368065385,970766005
Don Jon,FAIL,24477704,26377704
Elysium,PASS,93050117,286192091
Ender&#39;s Game,FAIL,61737191,89737191
Epic,PASS,107518682,268418682
Escape from Planet Earth,PASS,57012977,66454811
Escape Plan,FAIL,25213103,103813103
Evil Dead,PASS,54239856,97402049
Fast and Furious 6,PASS,238679850,788128122
Frozen,PASS,393050114,1004550114
G.I. Joe: Retaliation,PASS,122523060,371923060
Gangster Squad,FAIL,46000903,104100903
Gloria,PASS,4167493,4967493
Gravity,FAIL,271814796,708714796
Grown Ups 2,FAIL,133668525,247023808
Hansel &amp; Gretel: Witch Hunters,PASS,55703475,225703475
Her,FAIL,25000178,33029713
Identity Thief,FAIL,134506920,176269721
Insidious: Chapter 2,FAIL,83586447,161911222
Iron Man 3,FAIL,408992272,1212692272
Jack the Giant Slayer,FAIL,65187603,197387603
Kick-Ass 2,PASS,28795985,60839197
Last Vegas,FAIL,63914167,112914167
Lee Daniels&#39; The Butler,PASS,116632095,151513429
Machete Kills,PASS,8008161,9408161
Mama,PASS,71628180,148041253
Man of Steel,PASS,291045518,687999518
Nebraska,PASS,17482517,17482517
Now You See Me,FAIL,117723989,351723989
Oblivion,FAIL,89107235,287537983
Olympus Has Fallen,FAIL,98927592,150562164
Oz the Great and Powerful,PASS,234770996,489570996
Pacific Rim,FAIL,101802906,411002906
Pain &amp; Gain,FAIL,49875291,81275291
Parker,PASS,17616641,46346651
Peeples,FAIL,9177065,9177065
Percy Jackson: Sea of Monsters,PASS,68559554,200859554
Prisoners,PASS,61002302,113402302
R.I.P.D.,FAIL,33618855,79019947
Red 2,PASS,53262560,137162560
Riddick,FAIL,42025135,92425135
Runner Runner,FAIL,19316646,62616646
Rush,FAIL,26947624,43047624
Safe Haven,PASS,71399120,93943623
Saving Mr. Banks,PASS,82834332,100734332
Side Effects,PASS,32172757,60288363
Star Trek Into Darkness,FAIL,228778661,466978661
Texas Chainsaw 3D,PASS,34341945,39093317
The Big Wedding,PASS,21819348,35770721
The Book Thief,PASS,21345525,62045525
The Call,PASS,51872378,58938768
The Conjuring,PASS,137400141,318000141
The Counselor,PASS,16973715,70373715
The Croods,FAIL,187168425,573068425
The Family,FAIL,36918811,51078541
The Fifth Estate,FAIL,3254172,6154172
The Frozen Ground,FAIL,#N/A,#N/A
The Great Gatsby,FAIL,144840419,351040419
The Hangover part 3,FAIL,112200072,362000072
The Heat,PASS,159581587,230781587
The Hobbit: The Desolation of Smaug,FAIL,257397516,937397516
The Host,FAIL,26623701,58188384
The Hunger Games: Catching Fire,PASS,424088260,857088260
The Incredible Burt Wonderstone,FAIL,22537881,24255957
The Internship,FAIL,44672764,93672764
The Last Exorcism Part II,PASS,15179303,18541236
The Lone Ranger,FAIL,89289910,259989910
The Mortal Instruments: City of Bones,PASS,31165421,75965567
The Purge,FAIL,64473115,91100541
The Smurfs 2,PASS,71017784,348545841
The To Do List,PASS,3491669,3491669
The Way Way Back,PASS,21502690,26161443
The Wolf of Wall Street,FAIL,115702857,365702857
The Wolverine,PASS,132556852,416456852
The World&#39;s End,FAIL,26004851,46578821
This Is the End,FAIL,101470202,126294264
Thor: The Dark World,FAIL,204674790,631674790
Trance,FAIL,2322593,22594052
Turbo,FAIL,83028130,283828130
Warm Bodies,FAIL,66380662,116643610
We&#39;re the Millers,PASS,150394119,270000119
White House Down,FAIL,73103784,205440387
World War Z,FAIL,202359711,539559711
Abraham Lincoln: Vampire Hunter,FAIL,37519139,115119139
Act of Valor,FAIL,70012847,82497035
Amour,FAIL,6738954,25915719
Anna Karenina,FAIL,12816367,70735540
Argo,PASS,136025503,221300694
Battleship,FAIL,65235400,304142720
Beasts of the Southern Wild,FAIL,12795746,21080058
Blue Like Jazz,PASS,595018,595018
Brave,PASS,237282182,554606532
Bullet to the Head,FAIL,9489829,13561515
Chernobyl Diaries,FAIL,18119640,38390020
Chronicle,FAIL,64575175,127075175
Cloud Atlas,PASS,27108272,126018564
Contraband,PASS,66528000,98406855
Django Unchained,FAIL,162805434,425373688
Flight,FAIL,93772375,161772375
Frankenweenie,FAIL,35287788,81150788
Hannibal,PASS,165092266,350100280
Hotel Transylvania,PASS,148313048,359222014
Jack Reacher,FAIL,80070736,217370736
Jagten,FAIL,687185,687185
John Carter,PASS,73058679,282778100
Killing Them Softly,FAIL,14945541,37238774
Les Miserables,PASS,148809770,442022894
Life of Pi,FAIL,124987022,607987022
Lincoln,PASS,182207973,273000960
Madagascar 3: Europe&#39;s Most Wanted,FAIL,216391482,746921271
Men in Black III,FAIL,179020854,624821154
Mirror Mirror,FAIL,64935167,168611991
Moonrise Kingdom,PASS,45512466,64012466
Much Ado About Nothing,FAIL,22549338,22549338
One for the Money,PASS,26414527,36197221
Paranormal Activity 4,PASS,53900335,142793842
ParaNorman,FAIL,56003051,108159011
Parental Guidance,PASS,77267296,120168633
People Like Us,PASS,12431792,12431792
Pitch Perfect,PASS,65001093,115331177
Premium Rush,PASS,20275446,31393201
Red Dawn,FAIL,44806783,48164150
Red Tails,FAIL,49876377,50365498
Rise of the Guardians,FAIL,103412758,306900902
Rock of Ages,PASS,38518613,50118613
Safe,FAIL,17142080,41495213
Safety Not Guaranteed,PASS,4010957,4413188
Seven Psychopaths,FAIL,15024049,23492318
Silent Hill: Revelation 3D,PASS,17530219,47944599
Silver Linings Playbook,PASS,132092958,227317397
Sinister,FAIL,48086903,87727807
Skyfall,FAIL,304360277,1108694081
Snow White and the Huntsman,PASS,155136755,400911200
Sparkle,PASS,24397469,24660323
Spring Breakers,PASS,14124286,30669531
Step Up Revolution,PASS,35074677,165552290
Supporting Characters,FAIL,4917,4917
Ted,FAIL,218665740,549444574
That&#39;s My Boy,FAIL,36931089,58058367
The Amazing Spider-Man,FAIL,262030663,757890267
The Avengers,FAIL,23385416,48585416
The Dark Knight Rises,FAIL,448139099,1079343943
The Devil Inside,PASS,53261944,101758489
The Dictator,FAIL,59650222,179379532
The Expendables 2,PASS,85028192,311979256
The Grey,FAIL,51580136,84339696
The Hobbit: An Unexpected Journey,FAIL,303003568,1014703568
The Hunger Games,PASS,408010692,684510692
The Impossible,FAIL,19019882,169590606
The Man with the Iron Fists,FAIL,15634090,21985095
The Master,FAIL,16247159,25116740
The Pirates! Band of Misfits,FAIL,31051126,123056220
The Place Beyond the Pines,FAIL,21403519,47011449
The Twilight Saga: Breaking Dawn - Part 2,FAIL,292324737,832660037
The Vow,PASS,125014030,197618160
The Watch,FAIL,34353000,67353000
The Woman in Black,FAIL,54333290,128955898
The Words,FAIL,11494838,12132578
Think Like a Man,PASS,91547205,96155124
To Rome With Love,FAIL,16684352,74363777
Total Recall,FAIL,58877969,198615996
Underworld: Awakening,PASS,62321039,160379930
Wanderlust,PASS,17288155,24159934
What to Expect When You&#39;re Expecting,PASS,41152203,80652203
Won&#39;t Back Down,PASS,5310554,5431486
Wrath of the Titans,FAIL,83670083,301970083
Wreck-It Ralph,PASS,189412677,473412677
Zero Dark Thirty,PASS,95720716,137720716
30 Minutes or Less,FAIL,37053924,40966716
50/50,FAIL,35016118,41334735
A Dangerous Method,FAIL,5702083,14807531
A Lonely Place to Die,PASS,#N/A,442550
A Very Harold &amp; Kumar 3D Christmas,FAIL,35061031,36265745
Another Earth,PASS,1321194,1781194
Apollo 18,FAIL,17686929,26517819
Arthur Christmas,FAIL,46462469,147624649
Attack the Block,PASS,1024175,5406422
Bad Teacher,PASS,100292856,216412265
Battle: Los Angeles,FAIL,83552429,212005201
Beastly,FAIL,27865571,38028230
Blackthorn,FAIL,200558,1249765
Bridesmaids,PASS,169106725,289263136
Captain America: The First Avenger,FAIL,176654505,370569776
Cars 2,FAIL,191450875,560155383
Circumstance,PASS,454121,454121
Colombiana,FAIL,36665854,71698079
Conan the Barbarian,FAIL,38264085,79114085
Contagion,PASS,75658097,137551594
Coriolanus,FAIL,749641,1049641
Cowboys &amp; Aliens,FAIL,100240551,175910315
Detention,PASS,#N/A,#N/A
Diary of a Wimpy Kid: Rodrick Rules,FAIL,52698535,73695194
Dolphin Tale,FAIL,72286779,96068724
Dream House,PASS,21302340,39932340
Drive,FAIL,35060689,78054825
Fast Five,PASS,209837675,629841284
Final Destination 5,FAIL,42587643,157887643
Footloose,PASS,51802742,63412773
Fright Night,FAIL,18298649,40520649
Green Lantern,FAIL,116601172,231201172
Hall Pass,FAIL,45060734,83693266
Hanna,PASS,40259119,65343694
Harry Potter and the Deathly Hallows: Part 2,FAIL,381011219,1328111219
Haywire,FAIL,18942396,22176190
Hesher,FAIL,382946,382946
Higher Ground,PASS,841056,859182
Hobo with a Shotgun,FAIL,703372,834953
Hop,FAIL,108085305,184924333
Horrible Bosses,PASS,117538559,214538559
Hugo,FAIL,73864507,185033215
I Am Number Four,FAIL,55100437,145982797
Immortals,FAIL,83504017,211562435
In Time,FAIL,37553932,170064664
Iris,PASS,5580479,15155021
Jin ling shi san chai,PASS,311434,93721434
Johnny English Reborn,FAIL,8305970,164539660
Jumping the Broom,PASS,37295394,38158601
Just Go with It,FAIL,103028109,214974953
Kill List,FAIL,29063,462206
Killer Elite,FAIL,25124986,57777106
Kung Fu Panda 2,PASS,165249063,664837547
Le Havre,FAIL,611709,13480196
Like Crazy,PASS,3395391,3731489
Limitless,FAIL,79249455,169739455
Margaret,PASS,47185,47185
Margin Call,FAIL,5353586,17872206
Mars Needs Moms,FAIL,21392758,39549758
Martha Marcy May Marlene,PASS,2981038,3531038
Melancholia,PASS,3030848,18044073
Midnight in Paris,PASS,56816662,154816662
Mission: Impossible - Ghost Protocol,FAIL,209397903,694713230
Moneyball,FAIL,75605492,111174374
Mr. Popper&#39;s Penguins,FAIL,68224452,189624452
New Year&#39;s Eve,PASS,54544638,143663899
No Strings Attached,PASS,70662220,149228078
October Baby,PASS,5355847,5355847
Our Idiot Brother,PASS,24814830,25861249
Paranormal Activity 3,PASS,104028807,207039844
Paul,PASS,37412945,100179814
Pirates of the Caribbean: On Stranger Tides,FAIL,241063875,1043663875
Priest,FAIL,29136626,84154026
Puss in Boots,FAIL,149260504,554987477
Rango,FAIL,123257581,245504574
Real Steel,FAIL,85463309,293237309
Red Riding Hood,PASS,37662162,90300442
Red State,PASS,1065429,1065429
Restless,PASS,163753,2818394
Rio,FAIL,143619809,487519809
Rise of the Planet of the Apes,FAIL,176760185,482860185
Shame,FAIL,4002293,10781688
Snow Flower and the Secret Fan,PASS,1348205,11348205
Soul Surfer,PASS,43853424,47158652
Source Code,FAIL,54712227,140428499
Straw Dogs,PASS,10324441,11253821
Sucker Punch,PASS,36392502,89758389
Super 8,PASS,127004179,260095987
Take Shelter,PASS,1728953,3128953
The Adjustment Bureau,FAIL,62495645,127793502
The Adventures of Tintin,FAIL,77591831,373993951
The Artist,FAIL,44667095,128256712
The Best Exotic Marigold Hotel,PASS,46383639,134729347
The Cabin in the Woods,FAIL,42073277,70768144
The Darkest Hour,PASS,21443494,62831715
The Divide,PASS,18000,18000
The Future,PASS,568662,568662
The Girl with the Dragon Tattoo,FAIL,102515793,233170238
The Green Hornet,FAIL,98780042,227983150
The Guard,FAIL,5359774,15944629
The Help,PASS,169705587,213120004
The Iron Lady,PASS,29959436,115592104
The Lincoln Lawyer,FAIL,58009200,87145086
The Mechanic,FAIL,29121498,76347393
The Muppets,FAIL,88625922,160971922
The Rite,FAIL,33047633,96047633
The Roommate,PASS,37300107,40497461
The Smurfs,PASS,142614158,563066551
The Three Musketeers,FAIL,20377913,139877913
The Tree of Life,FAIL,13305665,62305665
The Twilight Saga: Breaking Dawn - Part 1,PASS,281287133,709938657
Thor,PASS,181030624,449326618
Tinker Tailor Soldier Spy,FAIL,24149393,81452811
Tower Heist,FAIL,78046570,153470352
Transformers: Dark of the Moon,PASS,352390543,1123794076
War Horse,FAIL,79883359,156815529
Warrior,FAIL,13657115,24215385
We Bought a Zoo,FAIL,75624550,118924550
Weekend,FAIL,484592,1577585
What&#39;s Your Number,PASS,14011084,30711084
Winnie the Pooh,FAIL,26692846,50145607
X-Men: First Class,PASS,146408305,355408305
Young Adult,PASS,16311571,22750356
Your Sister&#39;s Sister,PASS,1597486,3090593
127 Hours,FAIL,18335230,60735230
Alice in Wonderland,PASS,334191110,1024391110
Animal Kingdom,FAIL,1044039,8078683
Another Year,PASS,3205706,18505706
Barney&#39;s Version,PASS,7502560,8845575
Beginners,FAIL,5790894,11564267
Biutiful,FAIL,5101237,25101237
Black Swan,PASS,106954678,331266710
Blue Valentine,FAIL,9737892,16566240
Burlesque,PASS,39440655,89657398
Casino Jack,FAIL,2039869,2080869
Centurion,FAIL,123570,6623570
Charlie St. Cloud,FAIL,31206263,48478084
Clash of the Titans,FAIL,163214888,493214888
Conviction,PASS,6797696,10133552
Cop Out,FAIL,44875481,55909910
Country Strong,PASS,20218921,20551476
Cyrus,FAIL,7468936,10039886
Date Night,PASS,98711404,152269033
Dear John,FAIL,80014842,111362410
Despicable Me,PASS,251513985,543495033
Devil,PASS,33679655,63354114
Diary of a Wimpy Kid,PASS,64003625,76954311
Dinner for Schmucks,FAIL,73026337,86796502
Don&#39;t Be Afraid of the Dark,PASS,24046682,31551048
Due Date,FAIL,100539043,211739043
Dylan Dog: Dead of Night,FAIL,1186538,6090697
Easy A,PASS,58401464,76200721
"Eat, Pray, Love",PASS,80574010,205846861
Edge of Darkness,FAIL,43313890,81208697
Everything Must Go,FAIL,2712131,2712131
Fair Game,PASS,11497497,26097497
Faster,FAIL,23240020,35658648
For Colored Girls,PASS,37729698,38017873
Frozen,FAIL,393050114,1004550114
Get Him To The Greek,FAIL,61153526,91455875
Going the Distance,PASS,17804299,39990165
Green Zone,FAIL,35497337,97523020
Grown Ups,PASS,162001186,272223430
Gunless,FAIL,458054,458054
Harry Potter and the Deathly Hallows: Part 1,PASS,295983305,956399711
Hot Tub Time Machine,FAIL,50269859,63209958
How to Train Your Dragon,PASS,217581231,494870991
I Am Love,PASS,5005465,15132211
Inception,FAIL,292576195,832584416
Insidious,PASS,54009150,99870886
Iron Man 2,PASS,312433331,623561331
It&#39;s Kind of a Funny Story,FAIL,6363628,6628326
Kick-Ass,FAIL,48071303,97527535
Knight and Day,FAIL,76423035,262142047
Legion,PASS,40168080,68854097
Let Me In,FAIL,12134935,28270399
Letters to Juliet,FAIL,53032453,79135982
Love and Other Drugs,FAIL,32367005,102719647
Machete,PASS,26593646,44331957
Made In Dagenham,PASS,1095369,15644196
Meek&#39;s Cutoff,FAIL,977772,1869928
Megamind,FAIL,148415853,321887208
Monsters,FAIL,237301,5639730
Morning Glory,PASS,31011732,60040974
Nanny McPhee and the Big Bang,PASS,29197642,97799865
Never Let Me Go,PASS,2434652,11509512
Paranormal Activity 2,PASS,84752907,177512032
Percy Jackson &amp; the Olympians: The Lightning Thief,FAIL,88768303,226467130
Please Give,PASS,4033574,4570178
Predators,FAIL,52000688,127234389
Prince of Persia: The Sands of Time,FAIL,90759676,335059676
Rabbit Hole,PASS,2229058,5839592
Ramona and Beezus,PASS,26167002,27469621
Red,FAIL,90380162,196439693
Remember Me,PASS,19068240,56506120
Repo Men,PASS,13942007,18195238
Robin Hood,FAIL,105487148,322459006
Salt,PASS,118311368,295713467
Scott Pilgrim vs. the World,PASS,31611316,48089760
Secretariat,PASS,59699513,60376247
Sex and the city 2,PASS,95347692,294680778
Shrek Forever After,FAIL,238736787,756244673
Shutter Island,FAIL,128012934,296831073
Skyline,FAIL,21416355,78693371
Somewhere,FAIL,1785645,14385645
Submarine,FAIL,467602,4581937
Super,FAIL,327716,518362
Takers,FAIL,57744720,70587268
Tangled,PASS,200821936,586581936
The A-Team,FAIL,77222099,177241171
The Back-up Plan,PASS,37490007,75281179
The Chronicles of Narnia: The Voyage of the Dawn Treader,PASS,104386950,418186950
The Conspirator,FAIL,11538204,15907411
The Crazies,PASS,39123589,54956140
The Debt,PASS,31177548,46604054
The Expendables,FAIL,103068524,268268174
The Fighter,FAIL,93617009,129262388
The Ghost Writer,FAIL,15541549,65532491
The Illusionist,FAIL,39868642,83792062
The Karate Kid,FAIL,176591618,359091618
The Kids Are All Right,PASS,20811365,36275469
The Killer Inside Me,FAIL,217277,3617277
The King&#39;s Speech,PASS,138797449,430821166
The Last Airbender,FAIL,131772187,319713881
The Last Exorcism,PASS,41034350,70165900
The Losers,FAIL,23591432,26714018
The Next Three Days,PASS,21148651,67255916
The Other Guys,FAIL,119219978,170936470
The Runaways,PASS,3573673,5278632
The Social Network,FAIL,96962694,224922135
The Sorcerer&#39;s Apprentice,FAIL,63150991,215150991
The Spy Next Door,PASS,24307106,50983364
The Switch,FAIL,27758465,49858465
The Tempest,PASS,277943,277943
The Tourist,FAIL,67631157,278731369
The Town,FAIL,92186262,152566881
The Twilight Saga: Eclipse,PASS,300531751,699590681
The Wolfman,FAIL,62189884,142634358
Tiny Furniture,PASS,391674,424149
Toy Story 3,FAIL,415004880,1063759456
Tron Legacy,FAIL,172062763,397562763
True Grit,PASS,171243005,252276928
Tucker and Dale vs Evil,PASS,223838,5476793
Unstoppable,FAIL,81562942,169511609
Valentine&#39;s Day,PASS,110485654,217569328
Wall Street: Money Never Sleeps,FAIL,52474616,137431619
Welcome to the Rileys,PASS,152857,312857
Wild Target,FAIL,109338,109338
Winter&#39;s Bone,PASS,6531503,16131552
Womb,PASS,#N/A,#N/A
Yogi Bear,FAIL,100246011,202284317
You Again,PASS,25702053,32838945
You Will Meet a Tall Dark Stranger,PASS,3247816,34247816
(500) Days of Summer,FAIL,32391374,60803210
17 Again,PASS,64167069,139474906
2012,FAIL,166112167,788408539
9,FAIL,31749894,48559999
A Perfect Getaway,FAIL,15515460,22815460
A Serious Man,FAIL,9228788,30360570
A Single Man,FAIL,9176000,28142379
Adam,FAIL,2277396,2828590
Adventureland,FAIL,16044025,17144025
Agora,FAIL,619423,38992292
Ajami,FAIL,621859,621859
All About Steve,PASS,33862903,40127259
An Education,PASS,12574914,29652736
Angels &amp; Demons,FAIL,133375846,490875846
Armored,FAIL,15988876,23661038
Astro Boy,FAIL,19551067,44093014
Avatar,FAIL,760507625,2783918982
Away We Go,PASS,9451946,10108016
Br&uuml;no,FAIL,60054530,130788243
Bride Wars,PASS,58715510,115150424
Bright Star,PASS,4444637,17260680
Brooklyn&#39;s Finest,FAIL,27163593,39233233
Brothers,PASS,28544157,45043870
Capitalism: A Love Story,FAIL,14363397,19121531
Case 39,PASS,13261851,29302804
Chloe,FAIL,3075255,9675172
Cloudy with a Chance of Meatballs,FAIL,124870275,236827677
Coco avant Chanel,PASS,6113834,50813834
Coraline,PASS,75286229,126037057
Daybreakers,FAIL,30101577,51401577
Dead Snow,FAIL,46742,2194020
District 9,FAIL,115646235,215196627
Drag Me to Hell,PASS,42100625,91388487
Enter the Void,FAIL,337997,337997
Everybody&#39;s Fine,FAIL,9208876,9208876
Fantastic Mr. Fox,FAIL,21002919,46498922
Fast &amp; Furious,FAIL,155064265,363064265
Fired Up!,FAIL,17231291,18608570
Fish Tank,PASS,374675,5922292
Friday the 13th,FAIL,65002019,91700771
Funny People,FAIL,51855045,71880305
G-Force,FAIL,119436770,287389685
G.I. Joe: The Rise of Cobra,FAIL,150201498,302469017
Gamer,FAIL,20534907,35062683
Get Low,FAIL,9176933,9696933
Harry Brown,FAIL,1818681,6294140
Harry Potter and the Half-Blood Prince,PASS,301959197,934416487
He&#39;s Just Not That Into You,PASS,93953653,178390243
I Come with the Rain,FAIL,0,627422
I Love You Phillip Morris,FAIL,2037459,15144685
"I Love You, Man",FAIL,71440011,91729503
Ice Age: Dawn of the Dinosaurs,FAIL,196573705,886968695
Inglourious Basterds,FAIL,120831050,316971720
Invictus,FAIL,37491364,124491364
It&#39;s Complicated,PASS,112735375,224614744
Jennifer&#39;s Body,PASS,16204793,32832166
Julie &amp; Julia,PASS,94125426,126646119
Knowing,FAIL,79957634,187858642
Law Abiding Citizen,FAIL,73357727,131159781
Life During Wartime,PASS,281447,281447
Micmacs (Micmacs &agrave; tire-larigot),FAIL,1259693,11756922
Monsters vs Aliens,FAIL,198351526,381687380
Moon,FAIL,5010163,10676073
Mother and Child,PASS,1110509,5010509
My Bloody Valentine 3D,FAIL,51545952,102754998
My Sister&#39;s Keeper,PASS,49200230,96673002
Nine,FAIL,19676965,53508858
Ninja Assassin,FAIL,38122883,61622883
Nowhere Boy,FAIL,1445366,7785229
Ondine,PASS,550472,550472
Paa,FAIL,199228,9791282
Pandorum,FAIL,10330853,17033431
Perrier&#39;s Bounty,FAIL,828,828
Planet 51,FAIL,42194060,108996113
Precious: Based on the Novel Push by Sapphire,PASS,47566524,68722848
Public Enemies,FAIL,97104620,210379983
Push,PASS,31811527,44411527
Sherlock Holmes,FAIL,209028679,498438212
Splice,PASS,17010170,22461001
Star Trek,PASS,257730019,385680446
State of Play,PASS,37017955,91445389
Surrogates,FAIL,38577772,119668350
Terminator Salvation,FAIL,125322469,371628539
The Blind Side,FAIL,255959475,305705795
The Boat That Rocked,FAIL,8017467,37472651
The Boondock Saints II: All Saints Day,FAIL,10273187,10273187
The Box,PASS,15051977,26341896
The City of Your Final Destination,PASS,493296,1353296
The Final Destination,PASS,66477700,187384627
The Fourth Kind,PASS,26218170,49486874
The Girl with the Dragon Tattoo,FAIL,102515793,233170238
The Girlfriend Experience,FAIL,695840,1005840
The Good Guy,PASS,100688,100688
The Hangover,FAIL,277322503,469553471
The Imaginarium of Doctor Parnassus,FAIL,7689607,64352607
The Informant!,FAIL,33316821,41771168
The Invention of Lying,FAIL,18451251,32679264
The Last Station,PASS,6617867,15696146
The Lovely Bones,PASS,44114232,94894448
The Men Who Stare at Goats,FAIL,32428195,67348218
The Messenger,FAIL,1109660,1409660
The Princess and the Frog,PASS,104400899,270997378
The Proposal,FAIL,163958031,314709717
The Road,FAIL,8114270,27614270
The Secret of Kells,FAIL,690290,2600916
The Soloist,FAIL,31720158,38454152
The Taking of Pelham 123,FAIL,65452312,152364370
The Time Traveler&#39;s Wife,FAIL,63414846,98666635
The Ugly Truth,FAIL,88915214,205230042
The Unborn,PASS,42670410,78208812
The Young Victoria,PASS,11001272,31878891
Transformers: Revenge of the Fallen,PASS,402111870,836519699
Up,FAIL,293004164,731542621
Up in the Air,FAIL,83823381,166842739
Veronika Decides to Die,PASS,#N/A,#N/A
Watchmen,FAIL,107509799,184068357
Whatever Works,FAIL,5306706,35106706
Where the Wild Things Are,FAIL,77233467,99123656
Whip It,PASS,13043363,18856151
Whiteout,PASS,10275638,12254746
X-Men Origins: Wolverine,FAIL,179883157,374825760
Yesterday Was a Lie,PASS,#N/A,#N/A
Youth in Revolt,FAIL,15285588,19685588
Zombieland,PASS,75590286,102236596
21,PASS,81159365,157852532
Appaloosa,FAIL,20211394,27735474
Australia,FAIL,49554002,215080810
Baby Mama,PASS,60494212,64391484
Be Kind Rewind,FAIL,11175164,30894247
Bedtime Stories,PASS,110101975,218357961
Blindness,PASS,3073392,20052958
Bolt,PASS,114053759,313953759
Burn After Reading,FAIL,60355347,163415735
Changeling,PASS,35739802,113805580
Che: Part One,FAIL,293708,30118557
City of Ember,PASS,7871693,11817059
Cloverfield,PASS,80048433,170764033
Day of the Dead,PASS,#N/A,#N/A
Death Race,FAIL,36316032,72516819
Defiance,PASS,28644813,42268745
"Definitely, Maybe",PASS,32241649,55863786
Doomsday,PASS,11008770,21621188
Doubt,PASS,33446470,50946957
Eagle Eye,FAIL,101440743,178066569
Easy Virtue,PASS,2656784,12656784
Fireproof,FAIL,33456317,33473297
Fly Me to the Moon,FAIL,14543943,57546746
Forgetting Sarah Marshall,PASS,63172463,105173042
Four Christmases,PASS,120146040,163546040
Frost/Nixon,FAIL,18622031,28144586
Frozen River,PASS,2511476,6030129
Gake no ue no Ponyo,PASS,15090399,205312666
Ghost Town,FAIL,13252641,26612350
Gran Torino,FAIL,148095302,274543085
Hamlet 2,PASS,4886216,4898285
Hancock,FAIL,227946274,624346274
Herb &amp; Dorothy,PASS,75986503,160388063
High School Musical 3: Senior Year,PASS,90559416,274392880
Igor,FAIL,19528602,31013349
In Bruges,FAIL,7800825,34533783
Indiana Jones and the Kingdom of the Crystal Skull,FAIL,317023851,786558145
Inkheart,PASS,17303424,58051454
Iron Man,FAIL,318604126,582443126
Journey to the Center of the Earth,FAIL,101704370,240904370
Jumper,FAIL,81168265,223113205
Kung Fu Panda,FAIL,215434591,631910531
L&aring;t den r&auml;tte komma in (Let the Right One In),FAIL,2122085,12247682
Made of Honor,FAIL,46012734,106548738
Max Payne,PASS,40687294,85761789
Meet Dave,FAIL,11803254,50648806
Milk,FAIL,31841299,57293371
Miracle at St. Anna,FAIL,7916887,9110458
Nick and Norah&#39;s Infinite Playlist,PASS,31487293,33544594
Nim&#39;s Island,PASS,48006762,94081683
Pineapple Express,FAIL,87341380,101549277
Pontypool,FAIL,3865,31916
Possession,PASS,10103647,14805812
Prom Night,PASS,43869350,57109687
Quantum of Solace,FAIL,169368427,591692078
Quarantine,PASS,31691811,41291811
Rachel Getting Married,PASS,12796861,13326864
Revolutionary Road,PASS,22911480,79564960
RocknRolla,FAIL,5700626,27794339
Seven Pounds,PASS,69951824,166617328
Sex and the City,PASS,152647258,415247258
Slumdog Millionaire,FAIL,141319928,384519665
Speed Racer,PASS,43945766,93394462
Stargate: The Ark of Truth,FAIL,#N/A,#N/A
Step Brothers,FAIL,100468793,128468793
Sunshine Cleaning,PASS,12062558,16462558
"Synecdoche, New York",FAIL,3083538,4383538
Taken,PASS,145000989,226941585
The Bank Job,PASS,30060660,66143005
The Brothers Bloom,FAIL,3531756,5531756
The Chronicles of Narnia: Prince Caspian,PASS,141621490,419490286
The Curious Case of Benjamin Button,FAIL,127509326,329809326
The Dark Knight,FAIL,533345358,1002891358
The Day the Earth Stood Still,PASS,79366978,233066978
The Eye,PASS,31418697,56918697
The Forbidden Kingdom,FAIL,52075270,129075270
The House Bunny,PASS,48237389,70237389
The Hurt Locker,FAIL,17017811,49894223
The Incredible Hulk,FAIL,134806913,263417913
The Lucky Ones,PASS,266967,266967
The Other Boleyn Girl,PASS,26814957,77714957
The Reader,FAIL,34194407,113019290
The Secret Life of Bees,PASS,37770162,39984023
The Sisterhood of the Traveling Pants 2,PASS,44089964,44270131
The Strangers,FAIL,52597610,83051676
The Tale of Despereaux,PASS,50877145,90482317
The Women,PASS,26902075,50103808
The Wrestler,FAIL,26238243,46634275
Three Kingdoms: Resurrection of the Dragon,FAIL,#N/A,22139590
Transsiberian,PASS,2203641,6379575
Tropic Thunder,FAIL,110461307,188163455
Twilight,PASS,192769854,397923934
Valkyrie,FAIL,83077762,203902107
Vicky Cristina Barcelona,PASS,23216709,104504817
WALL-E,FAIL,223808164,532590994
Waltz with Bashir,FAIL,2283849,11125664
Wanted,FAIL,134508551,342416460
"Welcome Home, Roscoe Jenkins",FAIL,42436517,43607627
Wendy and Lucy,PASS,865695,1416046
What Happens In Vegas,PASS,80277646,218535708
Yes Man,FAIL,97690976,225990976
[Rec],PASS,#N/A,27117954
1408,PASS,71985628,131263370
28 Weeks Later,PASS,28638916,64232714
3:10 to Yuma,FAIL,53606916,71171825
30 Days of Night,FAIL,39568996,80276156
88 Minutes,FAIL,16930884,32955399
Across the Universe,PASS,24343673,29367143
Atonement,PASS,50980159,130200290
Becoming Jane,PASS,18663911,39364948
Beowulf,PASS,82195215,194995215
Blades of Glory,PASS,118594548,145594548
Bridge to Terabithia,PASS,82234139,137984788
Brooklyn Rules,PASS,458232,458232
Charlie Bartlett,FAIL,3950294,5295909
Charlie Wilson&#39;s War,PASS,66661095,119512771
Death at a Funeral,PASS,42739347,48977233
Diary of the Dead,PASS,952620,5394447
Disturbia,PASS,80209692,117573043
Eastern Promises,PASS,17181265,55367342
Enchanted,PASS,127706877,340384141
Fantastic Four: Rise of the Silver Surfer,FAIL,131921738,288215319
Gone Baby Gone,PASS,20300218,34619699
Hairspray,PASS,118871849,202871849
Halloween,PASS,58269151,77514401
Hannibal Rising,FAIL,27669725,80583311
Harry Potter and the Order of the Phoenix,PASS,292004738,942943935
Hitman,FAIL,39687694,99965792
Hostel: Part II,PASS,17544812,33606409
Hot Fuzz,FAIL,23618786,81742618
Hot Rod,FAIL,13938332,14334401
I Am Legend,PASS,256393010,585410052
Into the Wild,FAIL,18354356,56395211
Juno,PASS,143495265,231450102
Knocked Up,PASS,148761765,219154490
Lars and the real Girl,PASS,5956480,10553442
Live Free or Die Hard,FAIL,134529403,383531464
Michael Clayton,FAIL,49033882,92987651
Music and Lyrics,FAIL,50572589,145021477
No Country for Old Men,FAIL,74273505,164051250
No Reservations,PASS,43107979,91665799
Paranormal Activity,FAIL,107918810,194183034
Persepolis,PASS,4443403,22742498
Pirates of the Caribbean: At World&#39;s End,PASS,309420425,960996492
Premonition,PASS,47852604,81461343
Ratatouille,FAIL,206445654,626549695
Resident Evil: Extinction,PASS,50648679,146162920
Rush Hour 3,FAIL,140125968,253025968
Shooter,FAIL,47003582,95703582
Shrek the Third,PASS,322719944,807330936
St. Trinian&#39;s,PASS,15000,22446568
Stardust,PASS,38634938,135556675
Sunshine,FAIL,3688560,32030610
Superbad,FAIL,121463226,169863226
Sydney White,PASS,11892415,13636339
Teeth,FAIL,347578,2350641
The Bucket List,FAIL,93466502,174310293
The Golden Compass,PASS,70107728,372234864
The Kite Runner,FAIL,15800078,74180745
The Man from Earth,FAIL,#N/A,#N/A
The Messengers,PASS,35374833,53774833
The Mist,PASS,25593755,54777490
The Number 23,FAIL,35193167,77593167
The Savages,PASS,6623082,10642023
The Signal,FAIL,251150,406299
The Simpsons Movie,PASS,183135014,527071022
The Visitor,FAIL,9427026,19174817
There Will Be Blood,FAIL,40222514,77208711
TMNT,FAIL,54149098,96096018
Transformers,FAIL,319246193,708272592
Tropa de Elite,PASS,8744,14319195
Waitress,PASS,19097550,22217183
We Own the Night,FAIL,28563179,55307857
White Noise 2: The Light,FAIL,#N/A,8243567
300,FAIL,210614939,454161935
A Scanner Darkly,FAIL,5501616,7405084
Akeelah and the Bee,PASS,18848430,18959424
Aquamarine,PASS,18597342,22978953
Bandidas,PASS,#N/A,18400000
Black Christmas,PASS,16235738,16235738
Blood Diamond,FAIL,57377916,171377916
"Bon Cop, Bad Cop",FAIL,12671300,12671300
Borat: Cultural Learnings of America for Make Benefit Glorious Nation of Kazakhstan,FAIL,128505958,261572744
Bug,PASS,7006708,7006708
Cars,FAIL,244082982,461667967
Casino Royale,FAIL,167365000,596365000
Children of Men,PASS,35552383,69450202
Clerks II,FAIL,24148068,25894473
Crank,FAIL,27838408,43924923
Das Leben Der Anderen,FAIL,11284657,81197047
DOA: Dead or Alive,PASS,480314,7756224
El laberinto del fauno (Pan's Labyrinth),PASS,37634615,87041569
Eragon,FAIL,75030163,249488115
Fido,FAIL,298110,419801
Final Destination 3,PASS,54098051,112798051
Flushed Away,FAIL,64665672,177665672
For Your Consideration,PASS,5549923,5549923
Friends with Money,PASS,13368437,17518322
Ice Age: The Meltdown,FAIL,195330621,651899282
Idlewild,PASS,12669914,12669914
Inside Man,FAIL,88634237,184634237
Jackass Number Two,FAIL,72778712,85278712
Lady in the Water,FAIL,42285169,72785169
Last Holiday,PASS,38399961,43343247
Letters from Iwo Jima,FAIL,13756082,68756082
Little Children,PASS,5463019,14763019
Little Miss Sunshine,PASS,59891098,100550977
London To Brighton,PASS,#N/A,610776
Lucky Number Slevin,FAIL,22495466,55495466
Man of the Year,FAIL,37442180,41342180
Marie Antoinette,PASS,15962471,60862471
Miss Potter,PASS,3005605,35891257
Monster House,PASS,73661010,141267370
Nacho Libre,FAIL,80197993,99296462
Night at the Museum,PASS,250863268,574480841
Notes on a Scandal,PASS,17510118,49752391
Once,FAIL,9445857,18997174
Open Season,FAIL,85105259,189901703
Paris je t&#39;aime,FAIL,4857374,4857374
Perfume: The Story of a Murderer,PASS,2223293,133603463
Pirates of the Caribbean: Dead Man&#39;s Chest,FAIL,423315812,1060615812
Poseidon,FAIL,60674817,181674817
Quinceanera,PASS,1692693,2522787
Rang De Basanti,PASS,2197694,29197694
Running with Scissors,PASS,6860000,8706701
She&#39;s the Man,FAIL,33889159,55279608
Sherrybaby,FAIL,199176,622806
Shortbus,PASS,1985292,1985292
Silent Hill,PASS,46982632,99982632
Slither,PASS,7802450,12930343
Smokin&#39; Aces,FAIL,35662731,56047261
Snakes on a Plane,PASS,34020814,62020814
Southland Tales,PASS,275380,364607
Stick It,PASS,26910736,30399714
Stranger Than Fiction,PASS,40435190,45235190
Superman Returns,FAIL,200120000,390874000
Take the Lead,PASS,34742066,65390493
The Ant Bully,FAIL,28142535,49610898
The Break Up,FAIL,118806699,202944203
The Da Vinci Code,FAIL,217536138,767820459
The Dead Girl,PASS,19875,19875
The Departed,FAIL,133311000,290539042
The Devil Wears Prada,PASS,124740460,326551094
The Fountain,FAIL,10144010,15461638
The Grudge 2,PASS,39143839,70743839
The History Boys,FAIL,2730296,13425589
The Holiday,PASS,63280000,205190324
The Host,PASS,26623701,58188384
The Illusionist,FAIL,39868642,83792062
The Lake House,FAIL,52330111,114830111
The Painted Veil,FAIL,8060487,15118795
The Prestige,FAIL,53089891,107896006
The Pursuit of Happyness,FAIL,162586036,307325633
The Queen,FAIL,56441711,128885873
The Wind That Shakes the Barley,FAIL,1829142,25670174
Ultraviolet,FAIL,18522064,20722064
Volver,PASS,12899867,85599867
We Are Marshall,FAIL,43545364,43545364
When a Stranger Calls,PASS,47860214,66944472
Wristcutters: A Love Story,FAIL,446165,460136
X-Men: The Last Stand,PASS,234362462,459359555
"You, Me and Dupree",FAIL,75802010,130402010
Zoom,PASS,11989328,12506188
Zwartboek,PASS,4398532,27238354
AEon Flux,PASS,25857987,47953341
Assault on Precinct 13,PASS,20040895,36040895
Batman Begins,FAIL,205343774,373298774
Beauty Shop,PASS,36351350,38351350
Bewitched,PASS,63313159,131159306
BloodRayne,FAIL,2405420,3605420
Boogeyman,FAIL,46752382,67192859
Boynton Beach Club,PASS,3127472,3127472
Brick,FAIL,2075743,4087493
Brokeback Mountain,FAIL,83043761,174097801
Capote,FAIL,28750530,49924079
Charlie and the Chocolate Factory,PASS,206459076,474459076
Chinjeolhan geumjassi,PASS,211667,23471871
Cinderella Man,FAIL,61649911,108539911
Coach Carter,PASS,67264877,76669806
Constantine,FAIL,75976178,230884728
Conversations with Other Women,FAIL,379418,909061
Corpse Bride,FAIL,53359111,114770654
Cursed,PASS,19294901,25114901
Danny the dog,FAIL,24537621,49037621
Dark Water,PASS,25473093,49473093
Dear Wendy,FAIL,23106,446438
Domino,PASS,10169202,22969202
Doom,FAIL,28212337,54612337
Fantastic Four,FAIL,154696080,330717080
Flightplan,PASS,89706988,225706988
Fun with Dick and Jane,PASS,110550000,201798116
"Good Night, and Good Luck.",FAIL,31501218,56586901
Hard Candy,PASS,1024640,8267066
Harry Potter and the Goblet of Fire,FAIL,290013036,896911078
Herbie Fully Loaded,PASS,66010682,144110682
Hide and Seek,PASS,51100486,123100486
Hitch,FAIL,177784257,366784257
Hoodwinked!,PASS,51386611,109843390
Hostel,FAIL,47326473,82241110
Hustle &amp; Flow,FAIL,22202809,23563727
Ice Princess,PASS,24381334,25732334
Jarhead,FAIL,62647540,96947540
Junebug,PASS,2678010,3557954
Just Like Heaven,PASS,48318130,100687083
King Kong,FAIL,218080025,550517357
Kingdom of Heaven,FAIL,47398413,218853353
Kiss Kiss Bang Bang,FAIL,4235837,13105837
Lord of War,FAIL,24149632,62142629
Madagascar,FAIL,193595521,556559566
Man of the House,PASS,19699706,22099706
Match Point,PASS,23089926,87989926
Me and You and Everyone We Know,PASS,3885134,8425527
Memoirs of a Geisha,PASS,57010853,161510853
MirrorMask,PASS,864959,963224
Miss Congeniality 2: Armed &amp; Fabulous,PASS,48478006,101382396
Mr. &amp; Mrs. Smith,FAIL,186336279,478336279
Munich,FAIL,47379090,130279090
North Country,PASS,18324242,25224242
Oliver Twist,FAIL,2070920,26670920
Pride and Prejudice,PASS,38372662,120918508
Proof,PASS,7535331,8284331
Red Eye,PASS,57891803,95555805
Rent,PASS,29077547,31670620
Robots,FAIL,128200012,260700012
Saw II,FAIL,87025093,152925093
Serenity,PASS,25514517,38514517
Shopgirl,FAIL,10284523,11758418
Sin City,PASS,74103820,158753820
Sisters in Law,PASS,33312,33312
Sky High,PASS,63939454,81627454
Son of the Mask,FAIL,17018422,59918422
Star Wars: Episode III - Revenge of the Sith,FAIL,380270577,848998877
Stealth,FAIL,32116746,76416746
Strangers with Candy,PASS,2072645,2077844
Thank You for Smoking,FAIL,24793509,40016662
The 40 Year Old Virgin,FAIL,109449237,177360047
The Adventures of Sharkboy and Lavagirl 3-D,FAIL,39177684,69425966
The Amityville Horror,PASS,65233369,109175673
The Ballad of Jack and Rose,PASS,712294,1126258
"The Chronicles of Narnia: The Lion, the Witch and the Wardrobe",PASS,291710957,748806957
The Constant Gardener,PASS,33579798,81079798
The Descent,PASS,26024456,57029609
The Devil&#39;s Rejects,PASS,17044981,20940428
The Exorcism of Emily Rose,PASS,75072454,144587700
The Fog,PASS,29511112,37048526
The Hitchhiker&#39;s Guide to the Galaxy,FAIL,51019112,104019112
The Island,PASS,35818913,163018913
The Jacket,FAIL,6301131,15452978
The Legend of Zorro,FAIL,45575336,141475336
The New World,FAIL,12712093,26184400
The Ring Two,PASS,75941727,161941727
The Skeleton Key,PASS,47907715,92256918
The Squid and the Whale,FAIL,7372734,11191423
The Wedding Date,PASS,31726995,47175038
Transamerica,PASS,9015303,16553163
Tristram Shandy: A Cock and Bull Story,FAIL,1253413,3061763
V for Vendetta,PASS,70511035,129231542
Waiting...,PASS,16124543,18673274
Walk the Line,PASS,119519402,187707495
War of the Worlds,FAIL,234280354,606836535
Water,PASS,5529144,8119205
White Noise,FAIL,56094360,92094360
"Yours, Mine and Ours",PASS,53359917,72359917
Zathura: A Space Adventure,FAIL,28045540,58545540
13 Going on 30,PASS,57139723,96439723
2046,PASS,1442338,19202856
50 First Dates,FAIL,120776832,196324496
A Cinderella Story,PASS,51438175,70067909
A Home at the End of The World,FAIL,1029017,1033810
A Very Long Engagement,PASS,6167817,59606587
Anchorman: The Legend of Ron Burgundy,FAIL,84136909,89366354
Around the World in 80 Days,FAIL,24004159,72004159
AVP: Alien vs. Predator,FAIL,80281096,172543519
Banlieue 13,FAIL,1200216,11208291
Before Sunset,FAIL,5792822,11293790
Bridget Jones: The Edge of Reason,PASS,40203020,263894551
Catwoman,PASS,40202379,82145379
Cellular,PASS,32003620,61475984
Closer,PASS,33987757,115476509
Collateral,FAIL,100170152,217670152
Connie and Carla,PASS,8047525,8047525
Crash,PASS,55334418,101173038
D.E.B.S.,PASS,96793,96793
Dawn of the Dead,PASS,58990765,103452875
Dodgeball: A True Underdog Story,PASS,114326736,167791704
Ella Enchanted,PASS,22913677,22913677
Eternal Sunshine of the Spotless Mind,FAIL,34366518,72993444
Eulogy,PASS,70527,70527
Finding Neverland,PASS,51676606,115036108
Flight of the Phoenix,FAIL,21009180,34009180
Garden State,PASS,26782316,36028802
Harold and Kumar Go to White Castle,PASS,18225165,18225165
Harry Potter and the Prisoner of  Azkaban,PASS,249538952,796688549
Hellboy,FAIL,59623958,99823958
Home on the Range,PASS,50026353,76482461
I Heart Huckabees,PASS,12784713,20034713
"I, Robot",FAIL,144801023,348601023
In Good Company,FAIL,45489752,63489752
Kinsey,PASS,10214647,13000959
Kung Fu Hustle,FAIL,17104669,101004669
Layer Cake,FAIL,2339957,11850214
Lemony Snicket&#39;s A Series of Unfortunate Events,PASS,118627117,201627117
Maria Full of Grace,PASS,6529624,14441158
Mean Girls,PASS,86047227,130953026
Million Dollar Baby,PASS,100492203,232016402
Miracle,FAIL,64378093,64474705
My Summer of Love,PASS,1000915,4951476
Napoleon Dynamite,FAIL,44540956,46122713
New York Minute,FAIL,14018364,21215882
Primer,FAIL,424760,565846
Raising Helen,PASS,37485528,43340302
Ray,FAIL,75305995,124823094
Resident Evil: Apocalypse,PASS,50740078,128940078
Saved!,PASS,8886160,10228228
Saw,FAIL,55185045,103096345
Secret Window,FAIL,47958031,92111551
Shark Tale,FAIL,161412000,367825111
Shaun of the Dead,PASS,13542874,30332385
Shrek 2,PASS,441226247,937008132
Sideways,PASS,71502303,109874155
Sky Captain and the World of Tomorrow,PASS,37760080,49730854
Spanglish,PASS,42044321,54344321
Spider-Man 2,FAIL,373524485,783705001
Team America: World Police,FAIL,32774834,50274834
The Aviator,FAIL,102608827,214608827
The Bourne Supremacy,FAIL,176087450,288587450
The Butterfly Effect,FAIL,57924679,96046844
The Chronicles of Riddick,FAIL,57712751,107212751
The Day After Tomorrow,PASS,186740799,556319450
The Grudge,PASS,110359362,187281115
The Incredibles,PASS,261441092,632107545
The Life Aquatic with Steve Zissou,FAIL,24006726,34806726
The Notebook,FAIL,81001787,102276787
The Phantom of the Opera,FAIL,51225796,158225796
The Polar Express,FAIL,194949659,319049659
The Princess Diaries 2: Royal Engagement,PASS,95149435,122071435
The Stepford Wives,PASS,59475623,96221971
The Terminal,FAIL,77073959,218673959
The Village,PASS,114197520,257641634
The Whole Ten Yards,FAIL,16323969,26323969
Troy,FAIL,133298577,484161265
Van Helsing,PASS,120150546,300150546
Vera Drake,PASS,3753806,13353855
White Chicks,PASS,69148997,111448997
Wimbledon,PASS,16862585,41666476
2 Fast 2 Furious,FAIL,127120058,236220058
21 grams,FAIL,16248701,59667625
Big Fish,FAIL,66432867,123432867
Bon voyage,PASS,2353728,8361736
Bruce Almighty,PASS,242704995,483473962
Charlie&#39;s Angels: Full Throttle,PASS,100814328,227200000
Cold Mountain,PASS,95632614,161632614
Cradle 2 the Grave,FAIL,34657731,56434942
Daddy Day Care,PASS,104148781,164285587
Daredevil,FAIL,102543518,182782518
Darkness Falls,FAIL,32539681,32539681
Dreamcatcher,FAIL,33685268,75685268
Final Destination 2,PASS,46896664,90396664
Finding Nemo,FAIL,380529370,906465556
Freaky Friday,PASS,110222438,160822438
Girl with a Pearl Earring,PASS,11634362,43281552
Goodbye Lenin!,PASS,4063859,79384539
Holes,FAIL,67383924,72383924
Hollywood Homicide,FAIL,30207785,51107785
House of Sand and Fog,PASS,13005485,16157923
How to Lose a Guy in 10 Days,FAIL,105807520,177079973
Hulk,FAIL,132177234,245229234
Identity,FAIL,52131264,82183683
In the Cut,PASS,4717455,23693646
Jeepers Creepers II,PASS,35623801,35623801
Kill Bill: Vol. 1,PASS,70098138,180098138
Lara Croft Tomb Raider: The Cradle of Life,FAIL,65653758,156453758
"Legally Blonde 2: Red, White &amp; Blonde",PASS,90639088,125339088
Les triplettes de Belleville,PASS,7301288,14440113
Lost In Translation,FAIL,44585453,112550685
Love Actually,PASS,59472278,247967903
Master and Commander: The Far Side of the World,FAIL,93926386,212912137
Mona Lisa Smile,PASS,63803100,141205169
Monster,PASS,34469210,58003694
Mystic River,PASS,90135191,156835191
Peter Pan,PASS,48417850,95255485
Pirates of the Caribbean: The Curse of the Black Pearl,FAIL,305411224,634954103
Pride and Prejudice,PASS,38372662,120918508
S.W.A.T.,PASS,116877597,207154748
Scary Movie 3,PASS,110000082,155200000
Secondhand Lions,FAIL,42070939,47902566
Shanghai Knights,FAIL,60470220,88316835
Shattered Glass,FAIL,2207975,2932719
Sinbad: Legend of the Seven Seas,FAIL,26483452,80767884
Something&#39;s Gotta Give,FAIL,124685242,266685242
Spy Kids 3-D: Game Over,PASS,111760631,167851995
Swimming Pool,PASS,10130108,22441323
Terminator 3: Rise of the Machines,PASS,150358296,433058296
The Core,PASS,31111260,74132631
The Italian Job,FAIL,106126012,176262839
The Jungle Book 2,FAIL,47901582,135703599
The Last Samurai,FAIL,111110575,456810575
The League of Extraordinary Gentlemen,FAIL,66465204,179265204
The Lord of the Rings: The Return of the King,FAIL,377845905,1141408667
The Matrix Reloaded,PASS,281553689,738576929
The Matrix Revolutions,PASS,139259759,424259759
The Missing,PASS,26900336,38253433
The School of Rock,FAIL,81261177,131161177
Thirteen,PASS,4601043,9505996
Timeline,FAIL,19480739,26703184
Undead,PASS,41196,229250
Underworld,FAIL,51970690,95708457
Wrong Turn,PASS,15417771,28649556
X2 (X-Men 2),PASS,214949694,407711549
25th Hour,FAIL,13084595,25344490
28 Days Later...,PASS,45064915,82955633
8 femmes,PASS,3076425,42376425
8 Mile,FAIL,116724075,242924075
About Schmidt,FAIL,65005217,105823486
Adaptation,FAIL,22498520,22498520
All or Nothing,PASS,184255,184255
Antwone Fisher,FAIL,21078145,23367586
Austin Powers in Goldmember,FAIL,213117789,292738626
Bend It Like Beckham,PASS,32543449,76730377
Blade II,FAIL,81676888,154338601
Blue Crush,PASS,40118420,51618420
Cabin Fever,PASS,21158188,30351664
Carrie,PASS,35266619,85001659
Catch Me If You Can,FAIL,164606800,351106800
Chicago,PASS,170687518,307687518
Crossroads,PASS,37188667,57000000
Death to Smoochy,FAIL,8355815,8374062
Die Another Day,FAIL,160942139,431942139
Drumline,FAIL,56398162,56398162
Equilibrium,FAIL,1190018,5345869
Far from Heaven,PASS,15901849,29027914
Frida,FAIL,25885000,55710675
Funny Ha Ha,PASS,77070,77070
Gangs of New York,FAIL,77730500,190400000
Gerry,FAIL,254683,254683
Harry Potter and the Chamber of Secrets,PASS,261987880,878979634
High Crimes,PASS,41543207,63781100
I Spy,FAIL,33561137,60279822
Ice Age,FAIL,176387405,386116343
Igby Goes Down,FAIL,4777465,4777465
Insomnia,FAIL,67263182,113622499
Lilo and Stitch,PASS,145771527,245800000
Maid in Manhattan,PASS,93932896,163838217
May,PASS,145540,497339
Men in Black II,FAIL,190418803,441767803
Minority Report,FAIL,132024714,358824714
Mr Deeds,FAIL,126293452,171269535
My Big Fat Greek Wedding,PASS,241438208,352242522
Panic Room,PASS,95308367,196308367
Phone Booth,FAIL,46566212,97837138
Queen of the Damned,PASS,30307804,30307804
Rabbit-Proof Fence,PASS,6199600,16866928
Real Women Have Curves,PASS,5853194,5853194
Red Dragon,FAIL,92955420,206455420
Reign of Fire,FAIL,43061982,82150183
Resident Evil,PASS,40119709,103787401
Scooby-Doo,PASS,153294164,276294164
Signs,FAIL,227965690,408265690
Snow Dogs,FAIL,81150692,116898028
Solaris,FAIL,14970038,14970038
Spider-Man,FAIL,403706375,821565375
Spirit: Stallion of the Cimarron,FAIL,73215310,106515310
Spun,PASS,410241,1022649
Spy Kids 2: Island of Lost Dreams,PASS,85846296,119721296
Star Trek: Nemesis,FAIL,43254409,67312826
Star Wars: Episode II - Attack of the Clones,FAIL,310676740,656695615
The Adventures of Pluto Nash,FAIL,4411102,7094995
The Banger Sisters,PASS,30306281,38067218
The Bourne Identity,FAIL,121468960,213300000
The Dangerous Lives of Altar Boys,FAIL,1779284,1779284
The Good Girl,PASS,14018296,16856124
The Hours,PASS,41675994,97030468
The Importance of Being Earnest,PASS,8378141,8378141
The Lord of the Rings: The Two Towers,FAIL,342548984,927048984
The Powerpuff Girls,PASS,11411644,16425701
The Quiet American,FAIL,12987647,26348203
The Ring,PASS,129094024,248218486
The Rules of Attraction,FAIL,6525762,11799060
The Santa Clause 2,FAIL,139225854,172825854
The Sweetest Thing,PASS,24430272,44633441
The Transporter,FAIL,25296447,43928932
The Tuxedo,FAIL,50586000,104429625
Treasure Planet,FAIL,38120554,91800000
Tuck Everlasting,PASS,19161999,19344615
Two Weeks Notice,PASS,93354918,199043309
We Were Soldiers,PASS,78120196,114658262
Whale Rider,PASS,20779666,39892476
White Oleander,PASS,16357770,21657770
xXx,FAIL,141930000,267200000
A Beautiful Mind,FAIL,170708996,317668058
A Knight&#39;s Tale,FAIL,56083966,100622586
Along Came A Spider,PASS,74058698,105159085
American Outlaws,FAIL,13264986,13264986
Antitrust,FAIL,10965209,17865209
Artificial Intelligence: AI,FAIL,78616689,235900000
Atlantis: The Lost Empire,FAIL,84052762,186049020
Black Hawk Down,FAIL,108638745,159691085
Blow,FAIL,52990775,83282296
Bridget Jones&#39;s Diary,PASS,71500556,281527158
Don&#39;t Say A Word,PASS,54997476,104488383
Donnie Darko,FAIL,1270522,7696529
Dr. Dolittle 2,PASS,112950721,176101721
Evolution,PASS,38311134,98341932
From Hell,FAIL,31598308,68712365
Ghost World,PASS,6217849,8761608
Gosford Park,PASS,41300105,41300105
Hannibal,PASS,165092266,350100280
Harry Potter and the Sorcerer&#39;s Stone,PASS,317575550,974755371
Hedwig and the Angry Inch,PASS,3067312,3643900
High Heels and Low Lifes,PASS,226792,226792
Impostor,FAIL,6114237,6114237
Jason X,PASS,13121555,16951798
Jay and Silent Bob Strike Back,PASS,30059386,33762400
Jeepers Creepers,PASS,37904175,58939035
Josie and the Pussycats,PASS,14252830,14252830
Kate &amp; Leopold,FAIL,47095453,70937778
Kiss of the Dragon,FAIL,36833473,36833473
Kissing Jessica Stein,PASS,7025722,8831884
L.I.E.,FAIL,1140965,1140965
Lara Croft: Tomb Raider,FAIL,131144183,274644183
Legally Blonde,PASS,96493426,141809235
Lovely and Amazing,PASS,4210379,4695781
Monkeybone,FAIL,5409517,5409517
Monsoon Wedding,PASS,13876974,27025600
"Monsters, Inc.",FAIL,289423425,559757719
Moulin Rouge!,PASS,57386369,179213196
Mulholland Dr.,PASS,7219578,11919578
Nowhere in Africa,PASS,6173485,6173485
Ocean&#39;s Eleven,FAIL,183417150,450728529
Osmosis Jones,FAIL,13596911,13596911
Pearl Harbor,FAIL,198539855,449239855
Save the Last Dance,PASS,91038276,131638276
Shallow Hal,PASS,70836296,70836296
Shaolin Soccer,FAIL,488872,42776032
Shrek,FAIL,267655011,491812794
Someone Like You...,PASS,27338033,38684906
Spy Kids,PASS,112692062,197692062
Super Troopers,FAIL,18492362,23046142
The Fast and the Furious,FAIL,144512310,206512310
The Glass House,PASS,17951431,22861785
The Legend of Suriyothai,PASS,454255,454255
The Lord of the Rings: The Fellowship of the Ring,FAIL,315544750,887217688
The Majestic,FAIL,27796042,37306334
The One,FAIL,43905746,43905746
The Others,PASS,96522687,209947037
The Princess Diaries,PASS,108244774,165334774
The Royal Tenenbaums,PASS,52353636,71430876
The Wedding Planner,PASS,60400856,94728529
Thir13en Ghosts,FAIL,41867960,68467960
Training Day,FAIL,76261036,104505362
Valentine,FAIL,20384136,20384136
Vanilla Sky,FAIL,100614858,202726605
Zoolander,PASS,45172250,60780981
28 Days,PASS,37035515,62063972
Almost Famous,PASS,32522352,47371191
American Psycho,FAIL,15070285,28674417
Beautiful Creatures,PASS,19452138,55940671
Best in Show,PASS,18621249,20695413
Billy Elliot,PASS,21995263,109280263
Boiler Room,FAIL,16963963,28773637
Bring It On,PASS,68353550,90453550
Cast Away,FAIL,233632142,427230516
Cecil B. Demented,PASS,1276984,1953882
Center Stage,PASS,17200925,17200925
Charlie&#39;s Angels,PASS,125305545,259736090
Chicken Run,PASS,106793915,227793915
Chocolat,PASS,71309760,152500343
Coyote Ugly,FAIL,60786269,115786269
Dancer in the Dark,PASS,4157491,45557491
"Dude, Where&#39;s My Car",FAIL,46729374,73180297
Dune,PASS,27447471,27447471
Erin Brockovich,PASS,125548685,257805243
Final Destination,FAIL,53302314,112036870
Gladiator,FAIL,187683805,457683805
Gone in Sixty Seconds,FAIL,101643008,232643008
High Fidelity,FAIL,27277055,47881663
Hollow Man,PASS,73209340,191200000
Little Nicky,FAIL,39442871,58270391
Love &amp; Basketball,PASS,27441122,27709625
Meet the Parents,FAIL,166225040,304599899
Memento,FAIL,25544867,39723096
Miss Congeniality,PASS,106807667,213420951
Mission to Mars,FAIL,60874615,106000000
"O Brother, Where Art Thou?",FAIL,45506619,75763814
Pitch Black,PASS,39235088,53182088
Pokemon: The Movie 2000,FAIL,43746923,133946923
Red Planet,FAIL,17480890,33463969
Remember the Titans,FAIL,115654751,136706683
Requiem for a Dream,PASS,3635482,7390108
Return to Me,FAIL,32662299,32662299
Romeo Must Die,FAIL,55973336,91036760
Rugrats in Paris:,PASS,76501438,103284813
Saving Grace,PASS,12178602,27786849
Scream 3,PASS,89138076,161838076
Sexy Beast,FAIL,6946056,10154577
Shanghai Noon,FAIL,56932305,71189835
Snatch.,FAIL,30093107,83593107
Songcatcher,PASS,3050934,3050934
The Beach,FAIL,39778599,39778599
The Cell,FAIL,61280963,85911226
The Emperor&#39;s New Groove,PASS,89296573,169296573
The Gift,FAIL,12008642,44567606
The Patriot,FAIL,113330342,215300000
The Road to El Dorado,FAIL,50802661,65700000
The Way of the Gun,FAIL,6047856,13061935
The Whole Nine Yards,PASS,57262492,85527867
Thirteen days,FAIL,34566746,66554547
Titan A.E.,PASS,22751979,36751979
Unbreakable,FAIL,94999143,248099143
Urbania,FAIL,1032075,1032075
Vertical Limit,FAIL,68473360,213500000
What Lies Beneath,PASS,155464351,288693989
What Women Want,FAIL,182805123,372100000
Where the Heart Is,PASS,33771174,40862054
"Wo hu cang long (Crouching Tiger, Hidden Dragon)",PASS,128067808,213200000
X-Men,FAIL,157299717,296339717
10 Things I Hate About You,PASS,38177966,60414025
8MM,FAIL,36443442,96398826
American Beauty,PASS,130058047,356258047
American Pie,FAIL,101800948,234723148
Analyze This,FAIL,106885658,176885658
Anna and the King,FAIL,39251128,39251128
Anywhere But Here,FAIL,18653615,18653615
Austin Powers: The Spy Who Shagged Me,FAIL,206040085,310332636
Being John Malkovich,PASS,22858926,32382381
Black and White,PASS,5241315,5241315
Blue Streak,FAIL,68208190,117448157
Boys Don&#39;t Cry,PASS,11540607,20741000
But I&#39;m a Cheerleader,PASS,2205627,2629191
Carrie 2: The Rage,PASS,17760244,17760244
Cruel Intentions,PASS,38230075,75803716
Dick,PASS,6276869,6276869
Dogma,FAIL,30651422,43948865
Drop Dead Gorgeous,PASS,10571408,10571408
Election,PASS,14943582,17202854
Eyes Wide Shut,PASS,55691208,86257553
Fight Club,FAIL,37030102,100853753
Flawless,FAIL,4485485,4485485
For Love of the Game,FAIL,35188640,46112640
Galaxy Quest,FAIL,71423726,90523726
"Girl, Interrupted",PASS,28871190,28871190
Go!,PASS,16875273,28383441
Jawbreaker,PASS,3076820,3076820
Magnolia,FAIL,22450975,48446802
Muppets From Space,PASS,16304786,16304786
Mystery Men,FAIL,29762011,33462011
Notting Hill,PASS,116089678,363728226
Office Space,FAIL,10827813,12827813
Payback,FAIL,81526121,161626121
Pocket Monsters: Mewtwo Strikes Back!,FAIL,85744662,163644662
Ravenous,FAIL,2062406,2062406
Sleepy Hollow,PASS,101068340,207068340
South Park: Bigger Longer &amp; Uncut,FAIL,52037603,52037603
Star Wars: Episode I - The Phantom Menace,PASS,474544677,1007044677
Stuart Little,FAIL,140015224,298800000
Tarzan,FAIL,171091819,448191819
The 13th Warrior,FAIL,32698899,61698899
The Blair Witch Project,PASS,140539099,248300000
The Boondock Saints,FAIL,30471,411874
The Green Mile,FAIL,136801374,290701374
The Haunting,PASS,91188905,180188905
The Iron Giant,FAIL,23159305,31333917
The Matrix,PASS,171479930,460279930
The Mummy,FAIL,155385488,416385488
The Sixth Sense,FAIL,293506292,672806292
The Talented Mr. Ripley,FAIL,81292135,128792135
Three to Tango,FAIL,10570375,10570375
Topsy-Turvy,PASS,6201757,6201757
Toy Story 2,FAIL,245852179,511358276
Virus,FAIL,14010690,30626690
Wild Wild West,FAIL,113805681,221229335
Wing Commander,FAIL,11578022,11578022
54,FAIL,16757163,16757163
A Bug&#39;s Life,PASS,162798565,363095319
American History X,FAIL,6719864,6719864
Armageddon,FAIL,201578182,554600000
Beloved,PASS,22852487,22852487
Blade,FAIL,70141876,131237688
Bride of Chucky,FAIL,32404188,50692188
Buffalo &#39;66,FAIL,2380606,2380606
Dark City,FAIL,14435076,27257061
Deep Impact,PASS,140464664,349464664
Disturbing Behavior,FAIL,17507368,17507368
Elizabeth,PASS,30082699,82150642
Enemy of the State,FAIL,111549836,250649836
Ever After,PASS,65705772,65705772
Fear and Loathing in Las Vegas,FAIL,10680275,13711903
Festen (The Celebration),FAIL,1647780,1647780
Get Real,FAIL,1152411,1152411
Godzilla,FAIL,136314294,376000000
Halloween H20: 20 Years Later,PASS,55041738,55041738
Happiness,PASS,2746453,5746453
Hope Floats,PASS,60110313,81529000
Little Voice,PASS,4595000,21787233
"Lock, Stock and Two Smoking Barrels",FAIL,3897569,28356188
Lost in Space,PASS,69117629,136047317
Mercury Rising,FAIL,32983332,32983332
Mulan,FAIL,120620254,303500000
Out of Sight,FAIL,37562568,77562568
Pi,FAIL,3221152,4678513
Practical Magic,PASS,46850558,68336997
Primary Colors,PASS,39017984,39017984
Quest for Camelot,PASS,22772500,38172500
Rounders,FAIL,22921898,22921898
Run Lola Run,FAIL,7267324,14533173
Rush Hour,PASS,141186864,245300000
Rushmore,FAIL,17105219,19080435
Safe Men,FAIL,21210,21210
Saving Private Ryan,FAIL,216335085,485035085
Shakespeare in Love,PASS,100317794,279500000
Six Days Seven Nights,FAIL,74339294,164800000
Sliding Doors,PASS,11911200,58809149
Slums of Beverly Hills,PASS,5502773,5502773
Small Soldiers,FAIL,55143823,71743823
Smoke Signals,PASS,6719300,7756617
Sphere,FAIL,37068294,50168294
Star Trek: Insurrection,PASS,70187658,117800000
Stepmom,PASS,91137662,159745279
The Avengers,PASS,23385416,48585416
The Big Lebowski,FAIL,17498804,46189568
The Faculty,FAIL,40283321,40283321
The Man in the Iron Mask,FAIL,56968169,56968169
The Mask of Zorro,FAIL,93828745,233700000
The Negotiator,FAIL,44705766,49105766
The Prince of Egypt,FAIL,101413188,218600000
The Proposition,FAIL,1903434,5313608
The Thin Red Line,FAIL,36400491,36400491
The Truman Show,FAIL,125618201,248400000
There&#39;s Something About Mary,PASS,176484651,360099999
Urban Legend,PASS,38116707,72571864
Vampires (John Carpenter&#39;s),FAIL,20268825,20268825
Velvet Goldmine,FAIL,1053788,4861972
Wild Things,FAIL,29795299,55576699
You&#39;ve Got Mail,PASS,115821495,250800000
A Simple Wish,PASS,8165213,8165213
Air Bud,FAIL,24646936,27788649
Air Force One,FAIL,172956409,315268353
Alien: Resurrection,PASS,47795018,160700000
Anastasia,PASS,58403409,139801410
As Good as It Gets,PASS,148478011,314111923
Austin Powers: International Man of Mystery,FAIL,53883989,67683989
Batman &amp; Robin,FAIL,107325195,238317814
Boogie Nights,FAIL,26410771,43111725
Cats Don&#39;t Dance,PASS,3588602,3588602
Chasing Amy,PASS,12006514,15155095
Cinderella,PASS,85000000,85000000
Clockwatchers,PASS,537948,539961
Con Air,FAIL,101117573,224117573
Conspiracy Theory,FAIL,76118990,142783718
Contact,PASS,100920329,165900000
Eve&#39;s Bayou,PASS,14843425,14843425
Event Horizon,PASS,26673242,26673242
Fever Pitch,PASS,42071069,50071069
Flubber,FAIL,92993801,177993801
G.I. Jane,PASS,48169156,48169156
Gattaca,FAIL,12532777,12532777
George of the Jungle,PASS,105263257,174463257
Good Will Hunting,FAIL,138433435,225933435
Grosse Pointe Blank,PASS,28084357,31070412
Hercules,PASS,99112101,250700000
I Know What You Did Last Summer,PASS,72250091,125250091
In the Company of Men,FAIL,2883661,2883661
Jackie Brown,PASS,39673162,74727492
Kiss the Girls,FAIL,60527873,60527873
L.A. Confidential,FAIL,64604977,110604977
Liar Liar,FAIL,181410615,302710615
Men in Black,FAIL,250690539,587790539
Mononoke-hime,PASS,2374107,150350000
Mortal Kombat: Annihilation,PASS,35927406,51327406
Must love Dogs,FAIL,43894863,58894863
My Best Friend&#39;s Wedding,FAIL,126813153,298923419
Orgazmo,FAIL,582024,627287
Scream 2,PASS,101363301,101363301
Selena,PASS,35450113,35450113
Smilla&#39;s Sense of Snow,PASS,2221994,2221994
Spawn,PASS,54979992,87949859
Starship Troopers,PASS,54768952,121100000
The Devil&#39;s Advocate,PASS,61007424,153007424
The Fifth Element,FAIL,63570862,263900000
The Game,FAIL,48265581,48265581
The Lost World: Jurassic Park,FAIL,229086679,786686679
The Peacemaker,FAIL,41263140,62967368
The Postman,FAIL,17650704,17650704
Titanic,PASS,658672302,2185672302
Volcano,PASS,47546796,120100000
August,FAIL,12636,12636
Bound,PASS,3802260,7011317
Broken Arrow,FAIL,70645997,148345997
Chain Reaction,FAIL,21226204,60209334
DragonHeart,FAIL,51364680,104364680
Emma,PASS,22231658,37831658
Escape from L.A.,FAIL,25426861,25426861
Eye for an Eye,PASS,26792700,26792700
Fargo,PASS,24567751,51204567
Freeway,PASS,295493,295493
From Dusk Till Dawn,FAIL,25728961,25728961
Hamlet,FAIL,1577287,2419669
Harriet the Spy,PASS,26570048,26570048
Independence Day,PASS,306169255,817400878
Jingle All the Way,FAIL,60592389,129832389
Kingpin,FAIL,25023424,32223424
Love and Other Catastrophes,PASS,212285,743216
Mars Attacks!,PASS,37771017,101371017
Mission: Impossible,FAIL,180981886,457697994
Romeo + Juliet,FAIL,46338728,147542381
Scream,PASS,103046663,173046663
Secrets &amp; Lies,PASS,13417292,13417292
Set It Off,PASS,36049108,36049108
Space Jam,FAIL,90463534,250200000
Spy Hard,FAIL,26936265,26936265
Star Trek: First Contact,PASS,92027888,150000000
Striptease,FAIL,33109743,113309743
That Thing You Do!,PASS,25857416,34557416
The Cable Guy,FAIL,60240295,102825796
The Craft,PASS,24769466,55669466
The English Patient,PASS,78716374,231716374
The Fan,FAIL,18582965,18582965
The First Wives Club,PASS,105489203,181489203
The Glimmer Man,FAIL,20404841,36404841
The Hunchback of Notre Dame,FAIL,100138851,325500000
The Long Kiss Goodnight,FAIL,33447612,33447612
The Mirror Has Two Faces,PASS,41267469,41267469
The Rock,FAIL,134069511,336069511
Trainspotting,FAIL,16501785,24000785
Twister,PASS,241888385,495900000
Walking and Talking,PASS,1287480,1615787
When the Cat&#39;s Away,PASS,1652472,2525984
Apollo 13,PASS,172070496,334100000
Assassins,FAIL,30306268,83306268
Batman Forever,FAIL,184031112,336529144
Before Sunrise,FAIL,5274005,5274005
Braveheart,FAIL,75545647,209000000
Casino,FAIL,42438300,110400000
Casper,PASS,100328194,282300000
Clueless,PASS,56598476,56598476
Congo,FAIL,81022333,152022333
Copycat,FAIL,32051917,32051917
Die Hard: With a Vengeance,FAIL,100012499,364480746
Four rooms,FAIL,4301000,4301000
Home for the holidays,PASS,17468887,22119269
Jumanji,PASS,100458310,262758310
Mallrats,FAIL,2108367,2108367
Mortal Kombat,FAIL,70433227,122133227
Outbreak,PASS,67823573,67823573
Pocahontas,PASS,141579773,347100000
Pride and Prejudice,PASS,38372662,120918508
Sabrina,PASS,53458319,87100000
Safe,PASS,17142080,41495213
Se7en,FAIL,100125643,328125643
Sense and Sensibility,PASS,42993774,134993774
Showgirls,PASS,20350754,37750754
Species,FAIL,60054449,113354449
Tank Girl,PASS,4064333,4064333
The American President,PASS,60022813,107822813
The Bridges of Madison County,PASS,71516617,175516617
The Incredibly True Adventures of Two Girls in Love,PASS,2210408,2477155
The Net,PASS,50621733,110521733
The Quick and the Dead,FAIL,18552460,18552460
The Usual Suspects,FAIL,23341568,34449356
Toy Story,FAIL,191780865,364530148
Twelve Monkeys,FAIL,57141459,168841459
Waterworld,FAIL,88246220,264246220
Welcome to the Dollhouse,PASS,4198137,5034794
Ace Ventura: Pet Detective,FAIL,72217396,107217396
Beverly Hills Cop III,FAIL,42586861,119180938
Clerks.,FAIL,3073428,3894240
Crooklyn,PASS,13024170,13024170
Dumb &amp; Dumber,FAIL,127175374,246400000
Ed Wood,PASS,5828466,5828466
Forrest Gump,FAIL,329694499,679400525
Legends of the Fall,PASS,66502573,160502573
Little Women,PASS,50003303,50003303
Naked Gun 33 1/3: The Final Insult,FAIL,51041856,51041856
Police Academy: Mission to Moscow,FAIL,126247,126247
Priest,PASS,29136626,84154026
Pulp Fiction,PASS,107928762,212928762
Speed,PASS,121248145,283200000
Stargate,FAIL,71565669,196565669
Street Fighter,PASS,33423000,99423000
The Client,PASS,92115211,117615211
The Hudsucker Proxy,FAIL,2816518,14938149
The Lion King,FAIL,422780140,952880140
The Mask,FAIL,119920129,351620129
The Santa Clause,FAIL,144833357,189800000
The Shadow,FAIL,31835600,31835600
The Shawshank Redemption,FAIL,28241469,28241469
The Specialist,FAIL,57362581,57362581
Timecop,FAIL,44853581,102053581
True Lies,FAIL,146282411,365300000
Cliffhanger,FAIL,84049211,255000000
Cool Runnings,FAIL,68856263,155056263
Dazed and Confused,PASS,7950889,7950889
Gettysburg,FAIL,10731997,10731997
Groundhog Day,FAIL,70906973,70906973
Hocus Pocus,PASS,39360491,39360491
Jurassic Park,PASS,395708305,1035626872
Mrs. Doubtfire,PASS,219195051,441286003
Pieces of April,PASS,2528664,3590570
Schindler&#39;s List,PASS,96067179,321365567
Super Mario Bros.,FAIL,20844907,20844907
The Age of Innocence,PASS,32014993,32014993
The Fugitive,FAIL,183875760,353715317
The Princess and the Cobbler,FAIL,669276,669276
The Remains of the Day,FAIL,22954968,63954968
Tombstone,PASS,56505065,56505065
A Few Good Men,FAIL,141340178,236500000
A League of Their Own,PASS,107533925,132440066
Aladdin,FAIL,217350219,504050219
Alien 3,FAIL,54927174,158500000
Army of Darkness,FAIL,11502976,21502976
Batman Returns,FAIL,162833635,266824291
Buffy the Vampire Slayer,PASS,14231669,14231669
Death Becomes Her,PASS,58422650,149022650
El Mariachi,FAIL,2040920,2041928
Glengarry Glen Ross,FAIL,10725228,10725228
Hero,FAIL,19487173,66787173
Home Alone 2: Lost in New York,FAIL,173585516,358994850
Malcolm X,FAIL,48169910,48169910
My Cousin Vinny,FAIL,52929168,52929168
Reservoir Dogs,FAIL,2832029,2832029
The Crying Game,FAIL,62546695,62546695
The Mighty Ducks,FAIL,50752337,50752337
The Muppet Christmas Carol,FAIL,27281507,27281507
The Player,PASS,21706101,28876702
Wayne&#39;s World,FAIL,121697323,183097323
Beauty and the Beast,PASS,218951625,451421625
Bill &amp; Ted&#39;s Bogus Journey,FAIL,37537675,37537675
Hook,FAIL,119654823,300854823
Hudson Hawk,PASS,17218916,17218916
Robin Hood: Prince of Thieves,FAIL,165493908,390500000
Slacker,PASS,1227508,1227508
Star Trek VI: The Undiscovered Country,FAIL,74888996,96900000
Teenage Mutant Ninja Turtles II: The Secret of the Ooze,PASS,78656813,78656813
Terminator 2: Judgement Day,FAIL,204859496,516816151
The Addams Family,PASS,113502246,191502246
The Naked Gun 2 1/2: The Smell of Fear,FAIL,86930411,86930411
The Silence of the Lambs,PASS,130726716,275726716
White Fang,FAIL,34729091,34729091
Back to the Future Part III,FAIL,87666629,243700000
Child&#39;s Play 2,PASS,26904572,34166572
Dark Angel (I Come in Peace),FAIL,4372561,4372561
Die Hard 2,FAIL,117323878,239814025
Edward Scissorhands,PASS,53976987,53976987
Flatliners,PASS,61308153,61308153
Ghost,FAIL,217631306,517600000
Goodfellas,FAIL,46743809,46743809
Home Alone,FAIL,285761243,476684675
Nikita,PASS,5017971,5017971
Predator 2,FAIL,28317513,54768418
Pretty Woman,PASS,178406268,432645872
The Hunt for Red October,FAIL,120709866,200500000
Total Recall,FAIL,58877969,198615996
Tremors,PASS,16667084,16667084
Back to the Future Part II,PASS,118450002,332000000
Batman,FAIL,251188924,411348924
Bill &amp; Ted&#39;s Excellent Adventure,FAIL,40485039,40485039
Dead Poets Society,FAIL,95860116,239500000
Henry V,PASS,10161099,10161099
Indiana Jones and the Last Crusade,FAIL,197171806,474171806
Licence to Kill,FAIL,34667015,156167015
Major League,FAIL,49793054,49793054
Road House,FAIL,30050028,30050028
"Sex, Lies, and Videotape",FAIL,24741667,36741667
Star Trek V: The Final Frontier,FAIL,52210049,70200000
The Abyss,PASS,54243125,54243125
Troop Beverly Hills,PASS,7190505,7190505
UHF,FAIL,6157157,6157157
Action Jackson,FAIL,20257000,20257000
Akira,FAIL,19585,19585
Beetle Juice,PASS,73326666,73326666
Bloodsport,FAIL,11806119,11806119
Child&#39;s Play,PASS,33244684,44196684
Dangerous Liaisons,PASS,34700000,34700000
Die Hard,PASS,81350242,139109346
Midnight Run,FAIL,38413606,81613606
My Stepmother Is an Alien,PASS,13854000,13854000
Mystic Pizza,PASS,12793213,12793213
Poltergeist III,PASS,14114000,14114000
Rain Man,FAIL,172825435,412800000
Scrooged,PASS,60328558,60328558
The Land Before Time,PASS,48092846,81972846
The Last Temptation of Christ,FAIL,8373585,8373585
They Live,FAIL,13000000,13000000
Twins,FAIL,111936388,216600000
Who Framed Roger Rabbit,FAIL,154112492,351500000
Young Guns,FAIL,44726644,44726644
Beverly Hills Cop II,FAIL,153665036,276665036
Evil Dead II,FAIL,5923044,5923044
Fatal Attraction,FAIL,156645693,320100000
"Good Morning, Vietnam",FAIL,123922370,123922370
Hellraiser,PASS,14564000,14564000
Lethal Weapon,FAIL,65192350,120192350
Predator,FAIL,59735548,98267558
Radio Days,FAIL,14792779,14792779
RoboCop,FAIL,54764805,221577330
Spaceballs,FAIL,38119483,38119483
Superman IV: The Quest for Peace,PASS,11227824,11227824
The Last Emperor,FAIL,43984000,43984000
The Lost Boys,FAIL,32222567,32222567
The Princess Bride,FAIL,30857000,30857000
Aliens,PASS,85160248,183316455
Crocodile Dundee,FAIL,174803506,328000000
Highlander,PASS,5900000,12900000
Howard The Duck,FAIL,16295774,16295774
Little Shop of Horrors,FAIL,38747385,38747385
Peggy Sue Got Married,PASS,41382841,41382841
Platoon,FAIL,137963328,137963328
Stand By Me,FAIL,52287414,52287414
The Clan of the Cave Bear,PASS,1953732,1953732
Top Gun,FAIL,179800601,356800601
Back to the Future,FAIL,210609762,383874862
Brazil,PASS,9929135,9929135
Commando,FAIL,35073978,35073978
Day of the Dead,FAIL,#N/A,#N/A
Ladyhawke,FAIL,18400000,18400000
Legend,FAIL,15502112,15502112
My Beautiful Laundrette,FAIL,#N/A,#N/A
Red Sonja,PASS,6905861,6905861
Return to Oz,PASS,10618813,10618813
The Color Purple,PASS,93589701,93589701
A nightmare on Elm Street,FAIL,63075011,117729621
Amadeus,PASS,51973029,51973029
Beverly Hills Cop,FAIL,234760478,316300000
Body Double,FAIL,8801940,8801940
Conan the Destroyer,FAIL,26400000,26400000
Dune,FAIL,27447471,27447471
Friday the 13th Part IV: The Final Chapter,PASS,32980880,32980880
Ghostbusters,FAIL,238632124,291632124
Gremlins,FAIL,148168459,148168459
Indiana Jones and the Temple of Doom,FAIL,179880271,333080271
Police Academy,FAIL,81198894,81198894
Repo Man,FAIL,2300000,2300000
Splash,FAIL,62599495,62599495
Star Trek III: The Search for Spock,FAIL,76471046,87000000
The Karate Kid,PASS,176591618,359091618
The Terminator,FAIL,38019031,78019031
Flashdance,PASS,90463574,201463574
Star Wars: Episode VI - Return of the Jedi,FAIL,309205079,572700000
Superman III,PASS,59950623,59950623
Videodrome,FAIL,2120439,2120439
WarGames,FAIL,74433837,74433837
Blade Runner,FAIL,32656328,33139618
Cat People,PASS,7000000,21000000
Conan the Barbarian,FAIL,38264085,79114085
Diner,FAIL,12592907,12592907
E.T.: The Extra-Terrestrial,FAIL,435110554,792965326
Fast Times at Ridgemont High,FAIL,27092880,27092880
First Blood,FAIL,47212904,125212904
Friday the 13th Part III,FAIL,36690067,36690067
Poltergeist,PASS,74706019,121706019
Porky&#39;s,FAIL,109492484,109492484
Star Trek: The Wrath of Khan,FAIL,79912963,96800000
The Best Little Whorehouse in Texas,PASS,69701637,69701637
Tootsie,FAIL,177200000,177200000
TRON,FAIL,26918576,26918576
Das Boot,FAIL,11487676,84970337
Escape from New York,FAIL,25244700,25244700
Friday the 13th Part 2,FAIL,21722776,21722776
Halloween II,PASS,25533818,25533818
Heavy Metal,FAIL,19571091,19571091
History of the World: Part I,FAIL,31672000,31672000
Raiders of the Lost Ark,FAIL,248159971,389925971
The Evil Dead,FAIL,2400000,29400000
Time Bandits,FAIL,37400000,37400000
Airplane!,FAIL,83453539,83453539
Can&#39;t Stop the Music,PASS,2000000,2000000
Fame,PASS,22455510,77956957
Flash Gordon,FAIL,27107960,27107960
Friday the 13th,FAIL,65002019,91700771
Heaven&#39;s Gate,FAIL,3484331,3484331
Private Benjamin,PASS,69847348,69847348
Raging Bull,FAIL,23380203,23380203
Somewhere in Time,FAIL,9709597,9709597
Star Wars: Episode V - The Empire Strikes Back,FAIL,290271960,534171960
Superman II,FAIL,108185706,108185706
The Blues Brothers,FAIL,57229890,57229890
The Fog,PASS,29511112,37048526
The Shining,FAIL,44017374,44017374
Alien,PASS,80930630,203630630
Apocalypse Now,FAIL,78800000,78800000
Moonraker,FAIL,70300000,210300000
Star Trek: The Motion Picture,FAIL,82258456,139000000
The Amityville Horror,PASS,65233369,109175673
Animal House,FAIL,141600000,141600000
Dawn of the Dead,FAIL,58990765,103452875
Days of Heaven,PASS,3446749,3660880
Grease,PASS,181813770,387513770
Halloween,FAIL,58269151,77514401
I Spit on Your Grave,FAIL,93051,1278471
Superman,FAIL,134218018,300200000
The Deer Hunter,FAIL,50000000,50000000
A Bridge Too Far,FAIL,50800000,50800000
Annie Hall,PASS,38251425,38251425
Close Encounters of the Third Kind,FAIL,166000000,337700000
Eraserhead,FAIL,7000000,7000000
High Anxiety,FAIL,31063038,31063038
Julia,PASS,65108,1365108
Star Wars,FAIL,460998007,797900000
Assault on Precinct 13,FAIL,20040895,36040895
Family Plot,PASS,13200000,13200000
Logan&#39;s Run,FAIL,25000000,25000000
Network,PASS,23689877,23689877
Rocky,FAIL,117235147,225000000
Silent Movie,FAIL,36145695,36145695
Sparkle,PASS,24397469,24660323
Taxi Driver,FAIL,28262574,28262574
Barry Lyndon,FAIL,20000000,20000000
Jaws,FAIL,260000000,470700000
Monty Python and the Holy Grail,FAIL,3427696,5028948
One Flew Over the Cuckoo&#39;s Nest,FAIL,108981275,108981275
The Rocky Horror Picture Show,FAIL,139876417,139876417
Black Christmas,PASS,16235738,16235738
Blazing Saddles,FAIL,119500000,119500000
The Conversation,FAIL,4420000,4420000
The Godfather: Part II,PASS,57300000,57300000
The Texas Chain Saw Massacre,FAIL,26572439,26572439
The Towering Inferno,FAIL,26572439,26572439
Young Frankenstein,FAIL,86300000,86300000
American Graffiti,FAIL,115000000,140000000
High Plains Drifter,FAIL,15700000,15700000
Sleeper,FAIL,18344729,18344729
The Exorcist,PASS,204868002,402735134
The Sting,FAIL,159616327,159616327
1776,FAIL,#N/A,#N/A
Pink Flamingos,PASS,413802,413802
The Godfather,FAIL,134966411,268500000
Escape from the Planet of the Apes,FAIL,12300000,12300000
Shaft,FAIL,70327868,107190108
Straw Dogs,FAIL,10324441,11253821
The French Connection,FAIL,41158757,41158757
Willy Wonka &amp; the Chocolate Factory,FAIL,4000000,4000000
Beyond the Valley of the Dolls,PASS,9000000,9000000